0x153b42bfd285069c6bb6c98fceb696a6d15b0563			
0x3cfa4ae9c21bb5179cef63783991d9bd77833c86			
0x4ddA24ef9608C939246bb235F992677DEA724270			
0x417687189c8077a3dc376D8967A73EA460e12831			
0x9c0B4751C8c169f1A5c3202fbE55C780D364cead			
0xE0D722bcaC585D388243e7D1fbdc790f0e355374			
0x7291564447d15f1ee0425df85b897da3aa16d1cf			
0xf828239989DAB2d4287e5bBe1a2713A0194916aa					
0x2812C133Bed86e6656C4296a39ADfE5029d5cF9C					
0x30C62c63323f88C3fefE99C79ba5e0C898eA602e					
0x54ef38b74bee17dBdF2bbf58aDf12508bb95e0dc					
0x7B968d01a96BAc41b0c85e5dF877E8b7A7e23Abe					
0x5ba7316908687e1049F02FAadE45912A590a5682			
0x852871F08795cd70230272773b98ecc0Bd811C0D			
0x7916C280389cb8881435694794ACe2947F2c34F5			
0xb3c720443d2be2771c47d983d191be8c13c399f0			
0xbed4a18fdf122e1804e3eb102db9c1722f9b68eb			
0x974431F5E86eb1561AC11F7c397cbea9E938Ef84			
0x19dfd5b0a82465E24dCA296BFb538307fA21C811			
0x514B071EB163a55D3d4f71fA50D40647d630f690			
0x87797149ae603b083e6cd612e0bef222f708fe00			
0x91470f841388c197a4ee58030e4ce5ed14ac0f43			
0xcB14E11fc0505055e074b07427b0b73A8fdD8b57
0x49312374fc803dfd484653475e46b0da746ad1aa
0xdd9c9a377ea2c720c2b6e09c27b619d273377a2a
0x70e29E1E9D8bbac399474356394E77621234A325
0x9F9d1059EEE152Dc3c8b2d442aE3F1d36e19D311
0xbAFc612D0C9c5c9999291C361b4A5B7F319B497B
0x556129184175ba98e0f54b23345aa21327e41276
0x02ad73c57d7435d2b322065e6e2ab9c30b05dec7
0x0d09695cde687582d2f133e74dd8d3cc0001c5c9
0x54af902f7bf5cf9a59d332f07c68d19e2436b0cf
0x3FbdeF41a61643704952d956C3d610309a300167	
0x349B06a7012Ae99670E4a22b2323Bc0A9804F386	
0x74e4aee6f0c89281c9a72eff536255bffce360f2	
0x01a3047383d0640efe475bc788f60a2348a94304	
0x04d3e9c9e2945bC65Cabd79C9384CA2ccA90773e	
0xcB1957aceD986C51b84c44A90A779f60BfDbFc5c			
0x80860d82579Ae43b226B11A52C04336E76105Eeb			
0x6C4f36f449abe6e00866c20d245D602168c93401			
0x0BaF9f44Fc15B6a0596F6B254c36b9d11696C70A			
0xabb3F8FD91fF4f8a080C8477186a316960c48f16			
0x9C9575Bea7F25a3eCBAa962d1aafCFab1166c7B2			
0x8f9ef5f2ffbea0e6bced23aedb07064f3878ebe5			
0x3CeE9Ef40D3bBcA2cf33d214b73e4D0DeD8E0A4d			
0xfFf442e3b1B3595a509f8d001b015b2d599e0415			
0x704e55e01E2ce094da95DB4cf887e2Bd045AA71E			
0xA479A6278c457Bc57aAF5dE086c4C6C663E78830			
0x7c994e2854fee6ef02a410ed65c192f935ce9c4b			
0x3F1723Ea7Bb26C44e0Ce15a7c5BdB97980d5d03D			
0x5c6fe3318cc5362b19a0534d814ce6897de17e8b			
0x5d6bd5e3567321c15ec6665349ac354dad8b1673			
0xd66e7933e0e0700bac5de1d05b9985e9a51a2554			
0x62ba9c851cd77234a9c10473022031aeb03627d9			
0xBBe577f8fcDC2402eA21E0726732b5Ea54f32606			
0x91bD6f9f9b1236690a14589512867b48b2Fc8082 			
0xa24b8566d8e17a6d1862343c39dd41bae3a92ac0			
0xd359ee575520f2b74dd64e962ff6840c073bccf2			
0xa101403313b0cb4054331d1ffac7341591ffcd51			
0x1c94EBBAE9165319B322a751407603b35EbEb3Bc 			
0x365757a1872cfb8bc20c44cbf523c80c28142804
0x489ac8e0521a5deaf9028d3bb556a36a2f4a5221
0x5f69ee3b26474381eb8586992347c2d324b25568
0x125224E7964cfC1cBFaFc6e0f0DD9C8525e4c05E
0x4a94a91974015624a38c5e074662726bd7c398c1
0x54af902f7bf5cf9a59d332f07c68d19e2436b0cf
0x8607a5d99afa3dd93203c18c3da4a378d8801bf8
0x7ea8f81BA630bAE9Db4B5f67e253252c2BD5FB1C
0x0085529550f143f8168ff1b8f9c6549355686f96
0x785bc19d9631f53961c0af8fa9ccd206d5c0fe16
0x125224E7964cfC1cBFaFc6e0f0DD9C8525e4c05E
0x4a94a91974015624a38c5e074662726bd7c398c1
0x54af902f7bf5cf9a59d332f07c68d19e2436b0cf
0x8607a5d99afa3dd93203c18c3da4a378d8801bf8
0x7ea8f81BA630bAE9Db4B5f67e253252c2BD5FB1C
0x0085529550f143f8168ff1b8f9c6549355686f96
0x785bc19d9631f53961c0af8fa9ccd206d5c0fe16
0x08c382ab6939070d179e347c264e8e80d425020e
0xDB49aF8977e3Ef5bA5Ee69Ccdde764A6497185b9
0xDEFa52ed967433C5ecf0bb122a508D4376d44bDA
0x9b246a8f5b72e2f49deb8c34e02b9fa25017d241
0x73EdB709cC4Cf282186D9C7a3C219e3167EEFf61
0x62d703f9f986e101e53d77baf6881a5575c20c85
0x9752d94d0EdD7E650AdEceA45F0DEf4bb77aa0E5
0xd161c64b13f5c8bc4e96042f9a5bb04cc620ac26
0xd74ab2dd54389713128d14cdedd28e4981301942
0x8612d5c8b20169e7e37547410e03f93818641105
0xe6e788abecfcb7976c86386ede65ccef5d1bbea9					
0xbfc6765bb37b987cd82ef8ade2889d07ef7658e2					
0xa810d97663e122d8a9edd5201ed3dd6974fcc881					
0x6a5d26288b3463e9fb9a18eb0a5b7960f2d46790					
0xd397557de23d587d70b90726cc88a862afd915d4					
0x5172638ac085edd3e3126e45e46b6c9387f40905					
0x7288968b6047bb6a386d92ff58934d8df18bf7e5					
0x2acdebf8116859b0c3f85ac73127bc562ef3352a					
0x3ce72373bab44fc6eed61e347f055c87c491ac46					
0x88adea96a088ac6be8d20c2164a91b668352ee67					
0xC81B947b82F4Da21094548Fa50f8632CC5cDC5D9					
0x5370D9b4b48b29508134534E8901DBd0A84BcaCe					
0xb663d1fa77266ad166a83fc703b40ca0d26526f8					
0x74f51484484252d44d74cbc6d3e0380b6939bfcf					
0x069a331934cc060854e3c7cc105b94695f3e105e
0x8a89098e08c6898c2283a88f740023b6c85ca800
0x34fB782764aFc0476E018c7DB1f8A8484971313D
0xdB9039E1e95941Ab65B994F42720F9630E23Cab5
0xba186da2d7e8cb12ab2cafa2b21b83dbfdc2fab8
0xf337d08813bd31d22198bc1578990bbadab8deeb
0x6263F0388b2c5b398f9BE33066eeC1e8550E488D
0xB958fEDad669Ea572F0CAC5eCAD17B28053A8A83
0x3152Ac05ecAf7C77D6656F09515BFb7Bea1c8030
0xE0F6d6B5aDE7504EDbe7606a304D4b5083f35487
0x5ddb1256a50137f0b3e43762f314123938a530e1
0x69C7eCFa30f4cd69b518509AD38bA03F7b7e98fF
0xF41E39b6c0eEB47c569414E264F311F17b8c5fFC
0xcb68a595c5748ffb5d0277282ad148aad09ab878
0xf8ae3d80ea433a4b2965c3bbee218f5855ca22ac
0xf1fcd69daec582e4bc332cb6226a7a334456ced4
0x66612f6d2ef255459598e3ec55c9eeae512631db
0x9eaf4e2e0bbdb73457d279487a6bcb2512a34ac2
0x5a7392a253ed212d6a78de9894fbc2faeb26b17e
0x859fb49d0844cb889d5201cf41c4a12a59a56a16
0xd4a23cc194cd073e6166ed8a82ad90ce03c596a5
0xe1628b648268799750ef52e6040b6529b5a66a0f
0xfbbb36f9ff00aa6b61f64c74653465da404f1777
0xb663d1fa77266ad166a83fc703b40ca0d26526f8
0x9b246a8f5b72e2f49deb8c34e02b9fa25017d241
0x37F9C6cF3D726082495fbfA477AF8b0888Ce9170
0xE05F1e03f41dD2Fdb05a24746dA46FFC7ff1432B
0x375fD97d60ac74F5270D2dB41da37dd2E7AE5Afe
0x6b06a179fcfdd78c7ba549396e7bb850f0542929
0x25e65c72071da3b57821df33853b725765471e72
0xedcf619cb28b3f8179caf2eb1159a97dcfff9917
0x28740afb2fe21a6b683cbb4162a1ea7ecf3c5651
0xdeb25a055daA4F596BD5F28f05efa27d9552635e
0xf6d25ea655083fcad1755622256c11b435ed4bf5
0x27d19ec864360c9eb5c8c704ce1323ef307ac88f
0x7BBed641AeAee827Daf43007d216a685599C18e1
0xef19dd498fc07bc86a206cf3bfe85007ec12a0ae
0xbbe5dfdf717ac7e948f1b8b66dfe04e6e9562536
0xd9FF97CdAaBC58F0e2EE4975c1DAbCaC2710903F
0x85664da8b8ca3d8065448bc073e0dfee511fc8d6
0x8b21964e471ef01239dc8181f9bf7daf06b208b3
0x638dd1fab6b718c16fecfb52c4ff14f6a7ca4fa6
0x6935ff6e0dcb3371a6928e7daa821d92dfbd03a4
0x13c98af43e9aaf612ccb3ff57af5d5880eb31b76
0x76edb7f77908f1eee075539a7b88672d9526dd90
0xde43abcf04d268ab64512876d27056105d29ea4c
0xead7507625678bf8421637208c476e1b36472b24
0xE743170a7d5d0D76d8029C75364aA1FDaDb6E4F6
0xAeAEC5F21f103bd1E9038d60715ce481F567F507
0x76FAb32278E0D8451d4F47bA28BDE3dBB5A3D129
0x1f5cc824b53333dffb709338db4bbb154ef2d849
0xe9cd56b7A72ac6a5766c927172CB1121dd9A831a
0x1b79153C4D72E080e74bC06B40F00D6387A7A0F5
0x778223d023cbaa3685295f0ca45bda800a156d7a
0x14d418728d0805aeece39ccb80f4ad7a5adae2ae
0xf78da867002500d7bede15fbecee3b26a789ff6b
0x6bf4D380E4FdB83563aC006bC66559D354B9A806
0x2d130fa4883927781854469b2928e756237373b6
0xd914f9bfaf136cfd444d71b98c65cb528d65d8ef
0x1B0A03d2054313BeE39A82c7b8a0E5875305e984
0xdccfe17c4ddeb3a49a7b6d67a4cb457a8382ba5b
0xe8d253b40b6d72e760b6C3fCCA59f298F25faefe
0x584Ae94Fd9177d42F1808a0897675Cd157B11E2c
0x9f524c846506866e534b85B9EF8a005B28a4a3a8
0x104eE4930Aac3801B337b11c13042F1D707E4413
0x91283bF985e26E0D34a0951EaF301E44FA7f0E97
0xc251d80bf8a3a7236945f9436b6313e595953447
0xd878926c46B243fAC43E01e6FBD8458372BA28d1
0x6354b3605a891d0a371aa1c3c8a54ab82f4e57b5
0x34fB782764aFc0476E018c7DB1f8A8484971313D
0x75b321b9d5f326aa3361b848a0f52e42f4110a79
0x2eb468CCa4C30A1F42C1e99c16104FA455cB9e11
0x2cb41cd6b7061012e5461c2028bffed62aa17795
0x5c97c087de90c2ced23c29a942c65e94c12c4444
0x8d679D99b806c30cF59335BC5E357b8437CA9370
0x4c597f5b050aa798647b66f491442a2543f61663
0x1c81cb019C2ae2D8AC40611c07F4604eAaf7abCE
0x9be3670e9adf06d015f591d7133842fb81a6e6f0
0x4655aA979E2151FaDf7488f0a04eafCd9EdB41e5
0xc6c2ceA228Cc36c87801209171de78a2D746793A
0x499EcA9A9E943D76adF66E440496B7d2b4cE6dA6
0x5B77aeE0c42324c8dbC282Ba436c49C11Ba07806
0xc0A88F841e3fE16C6e389Fa818A0dF34b71dEBe5
0x7a2d6b7ceb99408f534962fa027fb87c8f907209
0x1Cd557C6fFC7296ECC9347acD1C6724b0A663834
0xdfd5970461b62D579De9C660BFBc94aD7d79759d
0x00600309cC244BCadaCfA0441A0C4011f7d348E3
0x48B83cDB70DDf5B611c40d6e4799BaE70BFbF267
0xabef960af88860401ebb59c7c21e9db05cedff04
0x672f28A7c84528E277623A70c90600d6EFcA4362
0xd85c1a7c0a602b2f769fd9827436e968b71439d6
0x84a41bc1ec9a3cc2dd545afe8232ed25b8786ce1
0x74fB5C9fC3C74712b2b2bE2D437439C3b806269f
0x78d2099DB81a976DC910713C6f11681967D1BffB
0x826CBC09B48F8689A1c512aB3Fa5FDf4D094EfE7
0x867F6ABf80f4cca5f73fd835Bac78E1212c5cC6C
0x69279be36895673527d1b51f1130a30954d1233c
0x5Adb4D5A302B641bDd264853d4562fEffF6A0dF0
0x060265e70b45d8672449e180abb9a66dcefdb93a
0x538301B9f8340949dDBaB0D6ab624f32e26a2001
0xd1d7ef3854dcc7600ac7d396a3d51b92835e8999
0x3A80a50Ea49971b2052Ba42e7641765ea519f3eb
0x1a1e5D6E1f284C3590399Ef604d58cd0714A4fE7
0xcFd435826ae669CbA61eB210eA986fC9149daf4C
0x257a0ea16e6eef3c196e6a341a572e0d18c52103
0xe4345ff8b3198248bd5b141f16ee137b8bcf9eeb
0x8cfb30eb36df1adb23e1cb93f4cbcc7e4d7051e0
0xCd913B711782C3B933c09Cc6dF8C24CDeD8ccfDa
0xd61fc0f7fc08ff7ddce705a47ebaec6bd481514e
0xacdee0909269a34ede05129e31520cc1ae97f9c0
0xd00cd543b6394a8af6dc0958fd0ef561036019e1
0x6E813d0EA396C047F1EfE22c054b7B293230b463
0xb2833CE0c57E66067b4Afe18Ec706EA1Ab37894A
0x031eb7A5DAd63990a5cd7Ea9d116Af8B5b7213f9
0x35C44Cf5f6b11e3534dBe7b58B01d4aa88412b88
0x708b7753d7fdda7732d52cc3b3196d41da438c75
0xa4Ab04929449e808FddE215144926c7E04B534bA
0xd73a86638c4b087c564a4e8005ec5b17783a3256
0x7586a13E883a4c6F85A5cF94E2C6a14d69E17977
0x3475000f5759c32d3337f638d9dc9095f4b6c8a3
0xeb586da9eb954a5afcb488d641206ac49b1551de
0x5F857E5cf1cc497828ae0b6725AFE8580a163c1A
0x5e400a773e580571faa7c0013ca0e723bc64e1e1
0xdf5f03c9f540D373DAf66c759EbD9A2A4f0e57AF
0x92F5DF3C5f5483ca08B13307B9c824C8cf83ca15
0x88d7A110558d6d8BD98A9f4c25b9f7B2924BcCcB
0x48cb22bb2a1bf16da4f0068f28f3a7984ebd6887
0x3e8cc98fc7fb811c992792a5c001d6b34e97082b
0x4befbb564ca358af943daa32fb38db77a86c4ecf
0x5d2cd07605d57C2E41F39c34e1ddC8caF9C4B5d2
0x6CBe86a69f5b88211601EB171C3e1F74bc923a02
0x9F9d1059EEE152Dc3c8b2d442aE3F1d36e19D311
0x66ef72c30f7ea0a14aff31ee9aab7b25ffda6a3e
0xb51fce1fd631b96814a6dffd6f19131d4a41ddf8
0xBD1f1e6A902fA7bB5188A85aBA2F6D5665d787Fb
0x7746A0f8c33C04eD774EE21ee0AD68c1a188c81e
0x2F5D580046bcdc87803bc9598deb102E9DA2fa42
0x9c357146371Aa9628810473607d82034c6D4db15
0xc38e5d3F9D92AE7a20406D82Cb81CD64A29530aC
0x6a9a436dd7686ba3386cf908c3a734b527e7a70a
0xDbdA8f6B13458CF6264e3CcD844F9989A54f7eBB
0x9F4DEAA4Bfc1525b3DFC919cBc140Da3b7120f96
0x356ACC8D75e84487075117505e431F8875cA0a99
0x87797149ae603b083e6cd612e0bef222f708fe00
0xd83b9F5012Cf726c7D609B01E2DE74d496F72deF
0x9acF878C85E5D6fe0068e7A179fb05a225978E15
0xc1653b3cf7d70473c47a7d95af172B94dFc05C23
0xD2450ED588eCCC35B9fB9EF1C08048124A5Dff74
0x72Cd49589Db6d0F2C59b981cEaD18e5e6D741BDc
0x21772D49813f75b6800B939539C4B045475Bd71b
0x1790d5B32cdF90373e48CFCCF60b2b0992FA1FE9
0x9c0B4751C8c169f1A5c3202fbE55C780D364cead
0xcc6a37f2df3865165db73c8bf755027e5298d7bd
0x5cda4d05054566DC0b1e476cbc132Baa4b95d233
0xefe50958e535c75e849ca87bb684120fd979319b
0x7443ac7616aad853de9953f94e0af6850a2a960c
0x8091bEaa3b0F1F352D6eA61B504Cff76697C2AE0
0x5CFA350cC360CFb43d3139CD45C6f0F594797B7f
0x11164be29b7d01e1e1a36503c05763187336cdbf
0x91807bbF511D26781985A2057Fd4F973cEb8DC9d
0xBC3100443F3FbEb4426995E08565796E50364090
0x913248b2c25bb81a9b37451e67966c2564c41902
0xb96306d45565bac803eec364f1f0454de692ef8d
0x86b02724eC0298951C15360C50Ec7E43AF5A9745
0x49ab46499488d89e5ca476e743b75e1ed36d8bfc
0xa59e2da93ac82a81d190e8a7519dccb4f5016d50
0xe7cbe69A8ca9eA57816FaA9E7a0Fd76856c5D0fb
0x09d5d3d805ef9595c3e9a4fa0b04309705634ad5
0x68baEF621ABa0fbF93FE5050BFbd54532BD4df62
0xbd5cC7bb708aD20AD7BC98f9311D4A9d64C901c6
0xC3f83c70E3E6Bf3F3B2B4Fb3730E6CAb935B5076
0xDc3F6596aDA3b4459119ad948f3962ff96B3691A
0x262c4Fa33A62Ddf26DccCF19971a048310B41DD7
0xa487188b57800d3d0cedfc64ab68a730dc259f57
0x64f2C73e182eA4c34cDf51Ad06D487a503d65eba
0xBbbe138Ed26251b1Ab6369140F3c20F836681381
0xD6b87546BbC54dEB3DD44380563D77d4e69564Ca
0xfe2aac483c3252bbc223778506517e87f113f0e4
0xbaf3952e983cb093891e3636d49bbf7b9fbc99ab
0x0C4Fc9e46d283AaAC5188BfA189412F5B97792EC
0x65C70C159De8b8F5f78c5d975DF77D3E734F7deD
0x4Af2681129aF153846eeBAD94eE89d647d776130
0x511128974f8296e9b2d80111b94f59d0403ffe09
0x1fd28c328eb64fc3000D596Dfa1E1dB067D6DC34
0xdA4515417535677e6793d1db2C2a6B79ACdfa3f3
0x24dA012F99346d8d863a6a69008Afa0F19A50e31
0xbe839df50156e4ad9591d93f92497f95fcd22da2
0xab0812fc9cb5c33e4d96d9008df5cd575fcf8ce4
0xd7c8147b4dd4e38faa521d45da2d688fbb3df750
0xbeaEac7A60De4421fDE94dD50240523A71dff3fe
0x01800edE19210d32c56C167eFa3d3BA3f1bA55a1
0x2ad8ae999144f839cdf0aa7ba427d0f73eac27a3
0xe51d4ac134bc098e42df39debbaf76432cd074ba
0x6bf4D380E4FdB83563aC006bC66559D354B9A806
0xeb6324b77684b6c4debfec486677548b276f2b48
0x8c40586ababa0441c58f5aa2eb388dc8336fcc89
0x03f085d90ffd51517a301483e408cd6e55ff0c56
0xc074f315af595987f8ed8200f7563da35aad3027
0xa260cf1726a6a5e0b7079f708823fc8e884611cb
0xaf34a494081bB85FC75f38825cEb28bF788b6C56
0xa581C4B722e02320033eeD1Bd09D7210950B7919
0x78d2099DB81a976DC910713C6f11681967D1BffB
0x662e7fd95c3f7c662119983a3310627c9a577605
0xFB5138B226965580C3AA2aa277d468c3aEE30CCc
0xeF19DCa6803E3C60f0ba5a16Fa6AD35B38C62B18
0x4ab45d382339b09a3a1932a757ea8c970da84eb5
0xdbf3cd310722a0bab732847480431b89b9a25b02
0x46C1D850488897ea0e5Cd5F0Fd66Cd04D4EECd63
0x88d7A110558d6d8BD98A9f4c25b9f7B2924BcCcB
0x48cb22bb2a1bf16da4f0068f28f3a7984ebd6887
0x3e8cc98fc7fb811c992792a5c001d6b34e97082b
0x4befbb564ca358af943daa32fb38db77a86c4ecf
0xcFd435826ae669CbA61eB210eA986fC9149daf4C
0x257a0ea16e6eef3c196e6a341a572e0d18c52103
0xe4345ff8b3198248bd5b141f16ee137b8bcf9eeb
0x552Ce7623F08f74867052E59c334DD12f84Fd845
0x96CDc679EDA5767c541dDBedDCC7907Eb497C5c4
0xd61fc0f7fc08ff7ddce705a47ebaec6bd481514e
0xacdee0909269a34ede05129e31520cc1ae97f9c0
0x808635517c156d65e5275f04fD8e9C5Ed036C7F3
0xF089d83ca8b74003F2f8E3fad6fF28A01cC29a81
0xb0dc4eb85051c33219ecfc296fda89744698aa19
0xd2f4455aE5F01e0CF32Ed706fc944C5E5037B898
0xab60630342f8776d9476b4aeed20fc973a177cac
0xc6ddB4e30f0AefA9Cb0746385fc6730eA4E79978
0xaeeb2ae6e8abd56ab56c3b0ac795e216bd447bdb
0xde34BDF85276A7aA0b57c40cC952953182f9fc17
0xe378F2c76320ca6c387Db9A586B3AF4cFcB696eF
0x28b2C8122b991d81aaF09fcD30139FB9914e263A
0xa396eB8e4dD38267caACf50B42C81A08d25B9C9E
0xcDA44D7d42c7B3c6D0ACd57F376a5575883891Cf
0x5aac330b55afc10a85fcefb3fefe470bf8df289d
0x826CBC09B48F8689A1c512aB3Fa5FDf4D094EfE7
0x378b6a761ea307598AF7910CE9646E2B52e8ACe0
0xd89bA6f2fB25ec876C3fB7A624950fe5d32Db69E
0xb8ED9f4D7241756154a9DBFEAf2f73CB7cD79e89
0xB1699f6AafeC77d6470aFd1d6965bD494eB3d8b7
0x72Cd49589Db6d0F2C59b981cEaD18e5e6D741BDc
0x55D200aa33EbC1d7f86d324CB4109773AA0e41fE
0x035Cc7a51dF9Fc4C454726339f62D05f8789353D
0xF497681c59d653D4231374FAB93307B4862A9DCa
0xeddff9804c6943f8f4b501b29701c4c378678fa6
0x3b5fb1be2128ef219624837f6c6bf27058bcb4a1
0x58cb7bc3a1dc933d40cf63359993c338f6e2fd8e
0x111ae37b00f13558aa47f90b604b48bd6c2cd5a0
0x5a9f0d70afba9e3ddb88f00eb3adb9815ae08093
0x4e69f9a6f168253afdfdafecf412aa9705b6dfa9
0x47c02e2cfb103d229faf7da974c059aff8ee541a
0x24701e34181cb57fb048fb15717031c25468ff2d
0xBBaA1f6573D5578cd194BFE461cAAa5082C9F05a
0x66ef72c30f7ea0a14aff31ee9aab7b25ffda6a3e
0x14787157FA27d321B5e32F892c38c94Ae551B9ea
0xE496c3796f3465439Db40D372035cD83b480f856
0xe237e5e703e3d28b99e09b9ef01d5b87b18cd5f1
0x2A10403EC702409c3f103C58C8a2274ae5a17DA2
0x800432139230360f068398A7588aE481e4A1E669
0x3e12e59bdf4f5ba1ea5eeaa78a452f396c0de3c6
0x410a07a917247a60a790af74c734cbd6dca722d9
0x93c25240b13224D6aA195e74eb40d4B7c4022ccD
0xaa03bf33dd7ed3dfc226651f0c751cc5e765b0ae
